Feature,MI_Capacity
energy_delivered,3.451184806821195
power_density,2.089779958960261
discharge_duration,2.0699895398302224
current_mean,1.9236761640216007
cycle_normalized,1.7869357788126083
voltage_mean,1.681193312738401
cycle_number,1.6614784538193579
voltage_end,1.643118113389607
voltage_efficiency,1.6283097055960152
voltage_drop,1.6184666591967956
temp_rise,1.0486193435531175
temp_mean,0.7525918367055406
voltage_start,0.7473978764244067
voltage_std,0.4832572759596152
