battery,total_discharge_cycles,initial_capacity,final_capacity,capacity_fade_percent,min_soh,cycles_to_eol
B0005,168,1.8564874208181574,1.3250793286429356,28.04794842213516,69.90890905512214,166
B0006,168,2.035337591005598,1.1856752327929356,41.231154596369294,57.18983519098024,106
B0018,132,1.8550045207910817,1.341051440640485,27.126082392301313,72.87391760769869,132
