Feature,MI_SoH
energy_delivered,3.318266317839033
power_density,2.0184878460812166
discharge_duration,1.9961742229225066
cycle_number,1.8790400986658464
current_mean,1.8676179614317512
voltage_mean,1.7713821030796226
cycle_normalized,1.7183737189466215
voltage_efficiency,1.5764510619061465
voltage_drop,1.570087873369093
voltage_end,1.5638181461156968
temp_rise,0.9425996959767473
voltage_start,0.8270509964625901
temp_mean,0.7319617334730752
voltage_std,0.6219342058292119
